Date,ZTS
2013-02-01,29.46077537536621
2013-02-04,29.47027969360352
2013-02-05,29.48927879333496
2013-02-06,29.479778289794922
2013-02-07,30.40131950378418
2013-02-08,31.39886474609375
2013-02-11,31.598373413085934
2013-02-12,32.054386138916016
2013-02-13,31.873882293701172
2013-02-14,31.60787773132324
2013-02-15,32.282398223876946
2013-02-19,32.14939498901367
2013-02-20,31.08534812927246
2013-02-21,30.9333438873291
2013-02-22,30.96185111999512
2013-02-25,30.46781921386719
2013-02-26,30.439327239990234
2013-02-27,30.705337524414066
2013-02-28,31.77888107299805
2013-03-01,32.871421813964844
2013-03-04,32.63391876220703
2013-03-05,32.57692337036133
2013-03-06,32.158889770507805
2013-03-07,32.83343505859375
2013-03-08,32.38690948486328
2013-03-11,32.472412109375
2013-03-12,32.13039016723633
2013-03-13,32.30141067504883
2013-03-14,32.909427642822266
2013-03-15,31.76937294006348
2013-03-18,31.199350357055664
2013-03-19,31.161340713500977
2013-03-20,31.83588218688965
2013-03-21,31.797874450683594
2013-03-22,31.46537208557129
2013-03-25,30.838340759277344
2013-03-26,30.88583564758301
2013-03-27,31.10434913635254
2013-03-28,31.731386184692386
2013-04-01,30.96185111999512
2013-04-02,30.92384147644043
2013-04-03,30.904844284057614
2013-04-04,30.249309539794922
2013-04-05,30.363317489624023
2013-04-08,31.275354385375977
2013-04-09,31.76937294006348
2013-04-10,31.49387359619141
2013-04-11,31.50337028503418
2013-04-12,31.56987190246582
2013-04-15,30.62932777404785
2013-04-16,31.55086326599121
2013-04-17,31.24685478210449
2013-04-18,30.847835540771484
2013-04-19,31.07584953308105
2013-04-22,31.02834129333496
2013-04-23,30.11630439758301
2013-04-24,29.090259552001953
2013-04-25,29.97379875183105
2013-04-26,31.00934600830078
2013-04-29,31.09025573730469
2013-04-30,31.432958602905273
2013-05-01,31.78518486022949
2013-05-02,31.680458068847656
2013-05-03,31.61382102966309
2013-05-06,31.356801986694336
2013-05-07,31.299694061279297
2013-05-08,31.66142654418945
2013-05-09,31.937484741210934
2013-05-10,31.585268020629886
2013-05-13,31.45199203491211
2013-05-14,31.490079879760746
2013-05-15,31.21401405334473
2013-05-16,31.78518486022949
2013-05-17,32.27066802978516
2013-05-20,32.08979034423828
2013-05-21,31.45199203491211
2013-05-22,31.937484741210934
2013-05-23,31.261606216430664
2013-05-24,31.851816177368164
2013-05-28,32.613353729248054
2013-05-29,31.3663272857666
2013-05-30,30.69044685363769
2013-05-31,30.46198463439941
2013-06-03,31.175933837890625
2013-06-04,30.842761993408203
2013-06-05,30.62381362915039
2013-06-06,30.538143157958984
2013-06-07,29.986013412475586
2013-06-10,30.47150421142578
2013-06-11,30.17639923095703
2013-06-12,30.01457023620605
2013-06-13,29.671876907348636
2013-06-14,29.31966209411621
2013-06-17,29.471967697143555
2013-06-18,29.681396484375
2013-06-19,29.510046005249023
2013-06-20,28.73897933959961
2013-06-21,29.129268646240234
2013-06-24,28.91984558105469
2013-06-25,29.97649574279785
2013-06-26,29.48149108886719
2013-06-27,29.38629913330078
2013-06-28,29.405336380004886
2013-07-01,29.13879203796387
2013-07-02,28.27252960205078
2013-07-03,27.87271499633789
2013-07-05,28.71993827819824
2013-07-08,29.45293045043945
2013-07-09,29.49100685119629
2013-07-10,29.54812431335449
2013-07-11,29.43389320373535
2013-07-12,29.84322166442871
2013-07-15,30.06216812133789
2013-07-16,29.662357330322266
2013-07-17,29.50052261352539
2013-07-18,29.33869743347168
2013-07-19,28.78657341003418
2013-07-22,28.815126419067386
2013-07-23,28.615222930908203
2013-07-24,28.46291160583496
2013-07-25,29.05312156677246
2013-07-26,28.967443466186523
2013-07-29,28.643787384033203
2013-07-30,28.658090591430664
2013-07-31,28.43867301940918
2013-08-01,28.772571563720703
2013-08-02,29.51669311523437
2013-08-05,29.81243133544922
2013-08-06,29.69795227050781
2013-08-07,29.802888870239254
2013-08-08,29.802888870239254
2013-08-09,29.48806953430176
2013-08-12,28.934749603271484
2013-08-13,29.04923248291016
2013-08-14,28.75349426269531
2013-08-15,28.639013290405273
2013-08-16,28.61992835998535
2013-08-19,28.495912551879886
2013-08-20,28.83935165405273
2013-08-21,28.47683906555176
2013-08-22,28.495912551879886
2013-08-23,28.810733795166016
2013-08-26,28.42913246154785
2013-08-27,27.856733322143555
2013-08-28,28.209716796875
2013-08-29,28.114315032958984
2013-08-30,27.80903434753418
2013-09-03,28.076156616210934
2013-09-04,28.32419586181641
2013-09-05,28.934749603271484
2013-09-06,29.20187187194824
2013-09-09,29.18279457092285
2013-09-10,29.52623176574707
2013-09-11,29.88874816894531
2013-09-12,29.650251388549805
2013-09-13,29.62162780761719
2013-09-16,30.384828567504886
2013-09-17,30.89044570922852
2013-09-18,31.214805603027344
2013-09-19,31.014461517333984
2013-09-20,30.709190368652344
2013-09-23,30.12725067138672
2013-09-24,30.03185272216797
2013-09-25,29.63117027282715
2013-09-26,30.12725067138672
2013-09-27,29.717029571533203
2013-09-30,29.688411712646484
2013-10-01,30.31804656982422
2013-10-02,30.527931213378906
2013-10-03,30.03185272216797
2013-10-04,30.57562828063965
2013-10-07,30.46114730834961
2013-10-08,30.079547882080078
2013-10-09,29.984146118164066
2013-10-10,30.87137222290039
2013-10-11,30.90953254699707
2013-10-14,30.80458831787109
2013-10-15,30.594707489013672
2013-10-16,31.376983642578125
2013-10-17,31.510541915893555
2013-10-18,31.691802978515625
2013-10-21,31.262508392333984
2013-10-22,31.014461517333984
2013-10-23,31.10032844543457
2013-10-24,31.23388481140137
2013-10-25,30.976303100585934
2013-10-28,30.50885009765625
2013-10-29,30.556549072265625
2013-10-30,30.64736175537109
2013-10-31,30.264989852905273
2013-11-01,30.43705177307129
2013-11-04,30.52309226989746
2013-11-05,30.29366874694824
2013-11-06,29.892168045043945
2013-11-07,29.672306060791016
2013-11-08,30.19807243347168
2013-11-11,30.370140075683594
2013-11-12,30.43705177307129
2013-11-13,30.322343826293945
2013-11-14,30.284114837646484
2013-11-15,30.40838050842285
2013-11-18,30.226749420166016
2013-11-19,30.03556060791016
2013-11-20,29.98776817321777
2013-11-21,30.188514709472656
2013-11-22,29.978206634521484
2013-11-25,29.911291122436523
2013-11-26,30.03556060791016
2013-11-27,29.90173149108887
2013-11-29,29.777462005615234
2013-12-02,29.777462005615234
2013-12-03,29.720104217529297
2013-12-04,29.834819793701172
2013-12-05,30.0546817779541
2013-12-06,30.15028190612793
2013-12-09,30.35102081298828
2013-12-10,29.978206634521484
2013-12-11,29.720104217529297
2013-12-12,29.79658317565918
2013-12-13,30.188514709472656
2013-12-16,30.590007781982425
2013-12-17,30.24586677551269
2013-12-18,30.75251388549805
2013-12-19,30.886348724365234
2013-12-20,30.953264236450195
2013-12-23,30.94370460510254
2013-12-24,30.94370460510254
2013-12-26,31.154016494750977
2013-12-27,31.23048210144043
2013-12-30,31.23048210144043
2013-12-31,31.249601364135746
2014-01-02,30.93414688110352
2014-01-03,30.63780403137207
2014-01-06,30.57089233398437
2014-01-07,30.68559646606445
2014-01-08,30.34145927429199
2014-01-09,30.55177116394043
2014-01-10,31.10621452331543
2014-01-13,30.379701614379886
2014-01-14,30.446613311767575
2014-01-15,30.40838050842285
2014-01-16,30.590007781982425
2014-01-17,30.33190155029297
2014-01-21,29.892168045043945
2014-01-22,30.07379913330078
2014-01-23,30.34145927429199
2014-01-24,30.07379913330078
2014-01-27,29.978206634521484
2014-01-28,30.12384414672852
2014-01-29,29.491474151611328
2014-01-30,29.38607788085937
2014-01-31,29.089052200317386
2014-02-03,29.0986442565918
2014-02-04,28.964496612548828
2014-02-05,28.868682861328125
2014-02-06,28.792028427124023
2014-02-07,29.414825439453125
2014-02-10,29.83640289306641
2014-02-11,27.91054534912109
2014-02-12,28.744121551513672
2014-02-13,28.42794609069824
2014-02-14,28.62914848327637
2014-02-18,29.00282096862793
2014-02-19,28.50459289550781
2014-02-20,28.71538543701172
2014-02-21,28.370450973510746
2014-02-24,28.45668601989746
2014-02-25,28.868682861328125
2014-02-26,29.12738037109375
2014-02-27,29.43398284912109
2014-02-28,29.72142791748047
2014-03-03,29.69267845153809
2014-03-04,29.59687042236328
2014-03-05,29.43398284912109
2014-03-06,29.491474151611328
2014-03-07,29.29985237121582
2014-03-10,29.07947540283203
2014-03-11,29.01240158081055
2014-03-12,28.45668601989746
2014-03-13,28.0255184173584
2014-03-14,28.18840980529785
2014-03-17,28.15008354187012
2014-03-18,28.05426597595215
2014-03-19,28.657894134521484
2014-03-20,28.830358505249023
2014-03-21,28.035104751586914
2014-03-24,27.920127868652344
2014-03-25,28.035104751586914
2014-03-26,27.987192153930664
2014-03-27,28.07342529296875
2014-03-28,27.795568466186523
2014-03-31,27.728498458862305
2014-04-01,28.121337890625
2014-04-02,28.38003349304199
2014-04-03,28.38003349304199
2014-04-04,28.092588424682614
2014-04-07,27.785987854003906
2014-04-08,27.929710388183594
2014-04-09,27.843475341796875
2014-04-10,27.65185356140137
2014-04-11,27.21110534667969
2014-04-14,27.287755966186523
2014-04-15,27.35482215881348
2014-04-16,27.335662841796875
2014-04-17,27.40273475646973
2014-04-21,27.81472969055176
2014-04-22,28.638731002807614
2014-04-23,28.2276611328125
2014-04-24,28.77838706970215
2014-04-25,29.038345336914066
2014-04-28,29.269418716430664
2014-04-29,29.39458465576172
2014-04-30,29.134620666503906
2014-05-01,29.18276596069336
2014-05-02,29.5004940032959
2014-05-05,29.39458465576172
2014-05-06,29.741199493408203
2014-05-07,29.51012420654297
2014-05-08,29.346439361572266
2014-05-09,29.40421485900879
2014-05-12,29.66416358947754
2014-05-13,29.587142944335934
2014-05-14,29.5004940032959
2014-05-15,29.327184677124023
2014-05-16,29.46197891235352
2014-05-19,29.327184677124023
2014-05-20,29.15388488769531
2014-05-21,29.288671493530273
2014-05-22,29.20201873779297
2014-05-23,29.39458465576172
2014-05-27,29.55826187133789
2014-05-28,29.346439361572266
2014-05-29,29.5775146484375
2014-05-30,29.55826187133789
2014-06-02,29.77008056640625
2014-06-03,30.08780670166016
2014-06-04,30.20334434509277
2014-06-05,30.43441963195801
2014-06-06,30.5595817565918
2014-06-09,30.819543838500977
2014-06-10,31.29132080078125
2014-06-11,30.93508529663086
2014-06-12,30.80028533935547
2014-06-13,30.925447463989254
2014-06-16,30.93508529663086
2014-06-17,31.58979415893555
2014-06-18,31.66681480407715
2014-06-19,31.339458465576172
2014-06-20,31.25281143188477
2014-06-23,31.42611312866211
2014-06-24,31.166154861450195
2014-06-25,31.166154861450195
2014-06-26,31.04098320007324
2014-06-27,31.17578125
2014-06-30,31.06986999511719
2014-07-01,31.30094718933105
2014-07-02,31.522388458251953
2014-07-03,31.686065673828125
2014-07-07,31.34909248352051
2014-07-08,31.27206039428711
2014-07-09,31.25281143188477
2014-07-10,31.31058120727539
2014-07-11,31.166154861450195
2014-07-14,31.512758255004886
2014-07-15,31.18541145324707
2014-07-16,31.41649055480957
2014-07-17,31.01209831237793
2014-07-18,31.47424697875977
2014-07-21,31.62829780578613
2014-07-22,31.64755249023437
2014-07-23,31.61867332458496
2014-07-24,31.66681480407715
2014-07-25,31.59941673278809
2014-07-28,31.637928009033203
2014-07-29,31.80160140991211
2014-07-30,31.90751838684082
2014-07-31,31.686065673828125
2014-08-01,31.522388458251953
2014-08-04,32.00380325317383
2014-08-05,31.01209831237793
2014-08-06,31.09875679016113
2014-08-07,30.60772132873535
2014-08-08,31.118022918701172
2014-08-11,31.38759803771973
2014-08-12,31.243173599243164
2014-08-13,31.64755249023437
2014-08-14,31.84012031555176
2014-08-15,32.437061309814446
2014-08-18,32.73809814453125
2014-08-19,33.30738067626953
2014-08-20,33.567901611328125
2014-08-21,33.66437530517578
2014-08-22,33.66437530517578
2014-08-25,33.67403793334961
2014-08-26,33.895946502685554
2014-08-27,34.098567962646484
2014-08-28,34.08892822265625
2014-08-29,34.19506454467773
2014-09-02,34.233654022216804
2014-09-03,34.503814697265625
2014-09-04,34.26259994506836
2014-09-05,34.77399063110352
2014-09-08,35.005550384521484
2014-09-09,34.909069061279304
2014-09-10,34.96695327758789
2014-09-11,34.995906829833984
2014-09-12,34.909069061279304
2014-09-15,34.995906829833984
2014-09-16,35.208187103271484
2014-09-17,35.362552642822266
2014-09-18,35.410804748535156
2014-09-19,35.89323425292969
2014-09-22,35.33359909057617
2014-09-23,34.61959457397461
2014-09-24,35.295021057128906
2014-09-25,35.024845123291016
2014-09-26,35.3432502746582
2014-09-29,35.49763870239258
2014-09-30,35.65202331542969
2014-10-01,35.16958236694336
2014-10-02,35.613426208496094
2014-10-03,36.34672164916992
2014-10-06,36.337074279785156
2014-10-07,35.42044448852539
2014-10-08,36.23093795776367
2014-10-09,35.71955490112305
2014-10-10,35.39149856567383
2014-10-13,34.320491790771484
2014-10-14,34.60995483398437
2014-10-15,34.021373748779304
2014-10-16,33.83805084228516
2014-10-17,34.12751007080078
2014-10-20,34.166114807128906
2014-10-21,34.82222366333008
2014-10-22,34.62925338745117
2014-10-23,34.841522216796875
2014-10-24,35.295021057128906
2014-10-27,35.28536605834961
2014-10-28,35.70990753173828
2014-10-29,35.33359909057617
2014-10-30,36.0090217590332
2014-10-31,35.85464096069336
2014-11-03,36.46561813354492
2014-11-04,37.81906127929688
2014-11-05,37.96407318115234
2014-11-06,38.38943481445313
2014-11-07,38.89215087890625
2014-11-10,38.82448196411133
2014-11-11,42.26609802246094
2014-11-12,41.22201156616211
2014-11-13,41.80205154418945
2014-11-14,41.70537185668945
2014-11-17,42.75913619995117
2014-11-18,42.72045516967773
2014-11-19,41.956729888916016
2014-11-20,41.71504974365234
2014-11-21,42.41109848022461
2014-11-24,43.09749221801758
2014-11-25,42.44977188110352
2014-11-26,43.18449020385742
2014-11-28,43.43585586547852
2014-12-01,42.894474029541016
2014-12-02,43.252174377441406
2014-12-03,43.38751602172852
2014-12-04,42.53677749633789
2014-12-05,42.5174446105957
2014-12-08,42.63344955444336
2014-12-09,42.36276626586914
2014-12-10,41.3476791381836
2014-12-11,41.45402908325195
2014-12-12,40.38093185424805
2014-12-15,40.35194396972656
2014-12-16,39.49153900146485
2014-12-17,39.76222610473633
2014-12-18,41.71504974365234
2014-12-19,42.063072204589844
2014-12-22,41.966400146484375
2014-12-23,41.5410385131836
2014-12-24,42.38209533691406
2014-12-26,42.73012924194336
2014-12-29,42.54644012451172
2014-12-30,41.90838623046875
2014-12-31,41.59904479980469
2015-01-02,41.869728088378906
2015-01-05,41.61837387084961
2015-01-06,41.21233749389648
2015-01-07,42.063072204589844
2015-01-08,42.71079635620117
2015-01-09,42.77846145629883
2015-01-12,41.97606658935547
2015-01-13,41.38634872436523
2015-01-14,41.59904479980469
2015-01-15,41.51203155517578
2015-01-16,42.74946212768555
2015-01-20,42.19059753417969
2015-01-21,42.85890579223633
2015-01-22,43.11074447631836
2015-01-23,42.73299789428711
2015-01-26,42.70394134521485
2015-01-27,41.93877029418945
2015-01-28,41.75475311279297
2015-01-29,41.95813751220703
2015-01-30,41.38669204711914
2015-02-02,42.01625442504883
2015-02-03,42.132484436035156
2015-02-04,42.09375
2015-02-05,42.0356330871582
2015-02-06,42.28745651245117
2015-02-09,41.52229309082031
2015-02-10,42.529598236083984
2015-02-11,44.33112335205078
2015-02-12,44.350502014160156
2015-02-13,44.0308723449707
2015-02-17,44.74760818481445
2015-02-18,44.40861129760742
2015-02-19,44.21488952636719
2015-02-20,44.16646957397461
2015-02-23,44.14710235595703
2015-02-24,43.97276306152344
2015-02-25,44.28269958496094
2015-02-26,45.15441131591797
2015-02-27,44.64107131958008
2015-03-02,45.822715759277344
2015-03-03,45.07692337036133
2015-03-04,44.776668548583984
2015-03-05,44.99943161010742
2015-03-06,44.34081268310547
2015-03-09,44.83478164672852
2015-03-10,44.263328552246094
2015-03-11,44.56358337402344
2015-03-12,45.36750030517578
2015-03-13,44.98974990844727
2015-03-16,45.503089904785156
2015-03-17,45.66775131225586
2015-03-18,46.01641464233398
2015-03-19,45.91957473754883
2015-03-20,45.85176086425781
2015-03-23,45.66775131225586
2015-03-24,45.54182815551758
2015-03-25,44.81539535522461
2015-03-26,44.66043472290039
2015-03-27,44.76697540283203
2015-03-30,45.4449691772461
2015-03-31,44.83478164672852
2015-04-01,44.81539535522461
2015-04-02,45.03817749023438
2015-04-06,44.87351608276367
2015-04-07,44.98316192626953
2015-04-08,44.83761215209961
2015-04-09,45.16752243041992
2015-04-10,45.76910018920898
2015-04-13,45.27425765991211
2015-04-14,45.50713348388672
2015-04-15,45.60415649414063
2015-04-16,45.739990234375
2015-04-17,45.38098907470703
2015-04-20,45.642967224121094
2015-04-21,46.12811660766602
2015-04-22,45.63325881958008
2015-04-23,45.65267562866211
2015-04-24,46.48712921142578
2015-04-27,45.439208984375
2015-04-28,44.37187957763672
2015-04-29,43.87701797485352
2015-04-30,43.10078048706055
2015-05-01,43.28514099121094
2015-05-04,44.05167770385742
2015-05-05,44.32335662841797
2015-05-06,43.94495391845703
2015-05-07,44.20692443847656
2015-05-08,44.53681945800781
2015-05-11,44.72118377685547
2015-05-12,44.2263298034668
2015-05-13,44.265132904052734
2015-05-14,44.90553665161133
2015-05-15,45.10930252075195
2015-05-18,45.3421745300293
2015-05-19,46.04079055786133
2015-05-20,45.8758430480957
2015-05-21,46.3803939819336
2015-05-22,46.2154426574707
2015-05-26,46.52594375610352
2015-05-27,47.98138809204102
2015-05-28,47.65149688720703
2015-05-29,48.29189682006836
2015-06-01,48.30159378051758
2015-06-02,48.10753631591797
2015-06-03,48.07842254638672
2015-06-04,47.44773483276367
2015-06-05,47.55445861816406
2015-06-08,47.3506965637207
2015-06-09,47.77763748168945
2015-06-10,48.21426773071289
2015-06-11,48.38891983032226
2015-06-12,47.62238693237305
2015-06-15,47.8067398071289
2015-06-16,48.23367691040039
2015-06-17,48.68001174926758
2015-06-18,49.00021743774414
2015-06-19,48.74794006347656
2015-06-22,48.72851943969727
2015-06-23,48.971107482910156
2015-06-24,48.23367691040039
2015-06-25,53.73528289794922
2015-06-26,47.1760368347168
2015-06-29,45.67207717895508
2015-06-30,46.78792572021485
2015-07-01,46.99169158935547
2015-07-02,46.87525939941406
2015-07-06,46.96258544921875
2015-07-07,46.45802688598633
2015-07-08,45.09960174560547
2015-07-09,45.186927795410156
2015-07-10,45.56534957885742
2015-07-13,45.642967224121094
2015-07-14,46.050498962402344
2015-07-15,45.71088790893555
2015-07-16,46.57445526123047
2015-07-17,46.3803939819336
2015-07-20,47.525352478027344
2015-07-21,47.66119766235352
2015-07-22,48.53446578979492
2015-07-23,48.3695182800293
2015-07-24,48.02019882202149
2015-07-27,48.0105094909668
2015-07-28,47.39921569824219
2015-07-29,46.96258544921875
2015-07-30,47.108131408691406
2015-07-31,47.525352478027344
2015-08-03,47.04020309448242
2015-08-04,47.39921569824219
2015-08-05,47.16633987426758
2015-08-06,46.84614181518555
2015-08-07,46.87525939941406
2015-08-10,46.95287704467773
2015-08-11,46.858604431152344
2015-08-12,46.51840591430664
2015-08-13,46.324012756347656
2015-08-14,46.13933563232422
2015-08-17,47.32513809204102
2015-08-18,46.39205551147461
2015-08-19,46.56699752807617
2015-08-20,45.07990264892578
2015-08-21,43.75801086425781
2015-08-24,42.30978393554688
2015-08-25,41.366966247558594
2015-08-26,43.00960540771485
2015-08-27,44.5744743347168
2015-08-28,44.49670791625977
2015-08-31,43.612213134765625
2015-09-01,42.74716567993164
2015-09-02,43.8552131652832
2015-09-03,43.2817611694336
2015-09-04,42.77632141113281
2015-09-08,43.63166427612305
2015-09-09,42.718017578125
2015-09-10,43.09707260131836
2015-09-11,43.73857879638672
2015-09-14,43.22344207763672
2015-09-15,43.79689407348633
2015-09-16,43.26231384277344
2015-09-17,44.72026824951172
2015-09-18,43.8552131652832
2015-09-21,43.25259017944336
2015-09-22,42.99016189575195
2015-09-23,43.07763671875
2015-09-24,42.368106842041016
2015-09-25,41.31837463378906
2015-09-28,38.83985900878906
2015-09-29,38.538551330566406
2015-09-30,40.025657653808594
2015-10-01,40.1325798034668
2015-10-02,41.81408309936523
2015-10-05,41.648841857910156
2015-10-06,40.229774475097656
2015-10-07,41.47389221191406
2015-10-08,42.00848007202149
2015-10-09,41.60024642944336
2015-10-12,41.51277160644531
2015-10-13,41.133705139160156
2015-10-14,41.19202041625977
2015-10-15,41.79463577270508
2015-10-16,42.69857406616211
2015-10-19,42.55278015136719
2015-10-20,41.88212203979492
2015-10-21,40.49220275878906
2015-10-22,39.65631103515625
2015-10-23,41.34753036499024
2015-10-26,41.16286087036133
2015-10-27,41.54193115234375
2015-10-28,42.12510681152344
2015-10-29,42.32921981811523
2015-10-30,41.80435562133789
2015-11-02,42.99988555908203
2015-11-03,45.40807723999024
2015-11-04,45.33016967773438
2015-11-05,44.26873779296875
2015-11-06,44.76537322998047
2015-11-09,44.59982681274414
2015-11-10,44.677734375
2015-11-11,43.89869689941406
2015-11-12,43.36310958862305
2015-11-13,43.674720764160156
2015-11-16,44.1129264831543
2015-11-17,44.57061004638672
2015-11-18,45.94366455078125
2015-11-19,45.6710090637207
2015-11-20,46.07999801635742
2015-11-23,45.72943115234375
2015-11-24,45.70021438598633
2015-11-25,45.73916625976562
2015-11-27,45.84628677368164
2015-11-30,45.47624588012695
2015-12-01,45.778114318847656
2015-12-02,45.1548843383789
2015-12-03,44.01555252075195
2015-12-04,45.242530822753906
2015-12-07,44.706947326660156
2015-12-08,44.73615264892578
2015-12-09,44.02528762817383
2015-12-10,44.89196395874024
2015-12-11,44.62904357910156
2015-12-14,45.369117736816406
2015-12-15,45.73916625976562
2015-12-16,45.85602188110352
2015-12-17,45.505455017089844
2015-12-18,45.37885665893555
2015-12-21,46.09947204589844
2015-12-22,46.469520568847656
2015-12-23,46.72269821166992
2015-12-24,46.86877059936523
2015-12-28,46.64479446411133
2015-12-29,47.06353378295898
2015-12-30,46.99536895751953
2015-12-31,46.66427230834961
2016-01-04,46.03131484985352
2016-01-05,46.75191116333008
2016-01-06,46.76166152954102
2016-01-07,45.33990859985352
2016-01-08,44.677734375
2016-01-11,43.41179656982422
2016-01-12,43.79157638549805
2016-01-13,42.11664581298828
2016-01-14,42.97358703613281
2016-01-15,42.243247985839844
2016-01-19,42.1505241394043
2016-01-20,42.736087799072266
2016-01-21,42.04317855834961
2016-01-22,42.35547256469727
2016-01-25,42.16028594970703
2016-01-26,42.81416320800781
2016-01-27,42.11149597167969
2016-01-28,41.80894088745117
2016-01-29,42.01390075683594
2016-02-01,41.92606735229492
2016-02-02,40.71590805053711
2016-02-03,40.315773010253906
2016-02-04,40.54023742675781
2016-02-05,39.92540740966797
2016-02-08,39.22272491455078
2016-02-09,38.900672912597656
2016-02-10,38.38343048095703
2016-02-11,38.41270446777344
2016-02-12,39.45695877075195
2016-02-16,39.45695877075195
2016-02-17,40.793983459472656
2016-02-18,41.008689880371094
2016-02-19,40.8232536315918
2016-02-22,41.740638732910156
2016-02-23,41.350257873535156
2016-02-24,41.350257873535156
2016-02-25,41.86750793457031
2016-02-26,41.34050750732422
2016-02-29,40.07179641723633
2016-03-01,41.08675765991211
2016-03-02,40.71590805053711
2016-03-03,40.09130859375
2016-03-04,39.81805038452149
2016-03-07,40.20841979980469
2016-03-08,39.26176452636719
2016-03-09,39.486236572265625
2016-03-10,38.9494743347168
2016-03-11,40.86228942871094
2016-03-14,40.315773010253906
2016-03-15,39.73997497558594
2016-03-16,39.486236572265625
2016-03-17,38.76404190063477
2016-03-18,39.87660598754883
2016-03-21,40.61831283569336
2016-03-22,41.72111511230469
2016-03-23,41.61376190185547
2016-03-24,41.457618713378906
2016-03-28,41.164833068847656
2016-03-29,42.082218170166016
2016-03-30,42.96054458618164
2016-03-31,43.263084411621094
2016-04-01,43.907203674316406
2016-04-04,44.65867233276367
2016-04-05,44.83959579467773
2016-04-06,46.22830581665039
2016-04-07,46.15006637573242
2016-04-08,45.90557479858398
2016-04-11,45.64152526855469
2016-04-12,45.97402954101562
2016-04-13,46.4532356262207
2016-04-14,46.6194953918457
2016-04-15,47.0497932434082
2016-04-18,47.4996566772461
2016-04-19,47.48987197875977
2016-04-20,47.40186309814453
2016-04-21,47.37251663208008
2016-04-22,47.56811141967773
2016-04-25,46.27720260620117
2016-04-26,46.56080627441406
2016-04-27,46.41411590576172
2016-04-28,46.15006637573242
2016-04-29,45.99358749389648
2016-05-02,46.97155380249024
2016-05-03,47.088905334472656
2016-05-04,46.013145446777344
2016-05-05,47.17692947387695
2016-05-06,46.2967643737793
2016-05-09,46.4532356262207
2016-05-10,45.53396224975586
2016-05-11,44.98628616333008
2016-05-12,45.23078155517578
2016-05-13,45.3676986694336
2016-05-16,45.73932647705078
2016-05-17,45.47527313232422
2016-05-18,45.92513275146485
2016-05-19,45.40681076049805
2016-05-20,46.02293014526367
2016-05-23,45.37747192382813
2016-05-24,46.24786376953125
2016-05-25,45.96424865722656
2016-05-26,46.28699111938477
2016-05-27,46.14028930664063
2016-05-31,46.37499237060547
2016-06-01,46.79551696777344
2016-06-02,47.06935501098633
2016-06-03,46.873756408691406
2016-06-06,47.343177795410156
2016-06-07,47.28450393676758
2016-06-08,47.38229751586914
2016-06-09,47.07913208007813
2016-06-10,46.345664978027344
2016-06-13,45.172096252441406
2016-06-14,46.15006637573242
2016-06-15,46.17940139770508
2016-06-16,46.21852111816406
2016-06-17,45.41659164428711
2016-06-20,45.87623596191406
2016-06-21,46.24786376953125
2016-06-22,46.28699111938477
2016-06-23,46.84442138671875
2016-06-24,45.48505401611328
2016-06-27,44.41907119750977
2016-06-28,45.49218368530274
2016-06-29,46.295799255371094
2016-06-30,46.51139831542969
2016-07-01,46.50159454345703
2016-07-05,46.55060195922852
2016-07-06,47.12881088256836
2016-07-07,46.736793518066406
2016-07-08,47.53061294555664
2016-07-11,47.32481002807617
2016-07-12,47.8932113647461
2016-07-13,48.20681762695313
2016-07-14,48.98102951049805
2016-07-15,48.68703079223633
2016-07-18,48.72623062133789
2016-07-19,48.38322448730469
2016-07-20,49.24563217163086
2016-07-21,49.1378288269043
2016-07-22,49.25542831420898
2016-07-25,48.9908332824707
2016-07-26,48.92223358154297
2016-07-27,48.85363006591797
2016-07-28,49.05943298339844
2016-07-29,49.46123504638672
2016-08-01,49.39263534545898
2016-08-02,48.72623062133789
2016-08-03,50.18644714355469
2016-08-04,50.38245391845703
2016-08-05,50.06884765625
2016-08-08,49.78464126586914
2016-08-09,49.91204833984375
2016-08-10,50.77445602416992
2016-08-11,51.02925109863281
2016-08-12,50.94105911254883
2016-08-15,51.33306121826172
2016-08-16,51.04886245727539
2016-08-17,51.25465774536133
2016-08-18,51.2448616027832
2016-08-19,51.48986434936523
2016-08-22,50.20604705810547
2016-08-23,50.22564697265625
2016-08-24,49.61804580688477
2016-08-25,49.46123504638672
2016-08-26,49.74544143676758
2016-08-29,49.74544143676758
2016-08-30,49.73563766479492
2016-08-31,50.078651428222656
2016-09-01,50.08844375610352
2016-09-02,50.23544692993164
2016-09-06,50.26484680175781
2016-09-07,50.99986267089844
2016-09-08,50.38245391845703
2016-09-09,49.3828353881836
2016-09-12,50.12765121459961
2016-09-13,49.314231872558594
2016-09-14,49.53964233398438
2016-09-15,49.70623397827149
2016-09-16,49.50043487548828
2016-09-19,49.314231872558594
2016-09-20,49.58863830566406
2016-09-21,50.03943634033203
2016-09-22,50.59805297851562
2016-09-23,50.480445861816406
2016-09-26,50.18644714355469
2016-09-27,50.83325958251953
2016-09-28,50.71565628051758
2016-09-29,50.000244140625
2016-09-30,50.97045516967773
2016-10-03,51.31346130371094
2016-10-04,51.26446151733398
2016-10-05,51.13706588745117
2016-10-06,50.61764907836914
2016-10-07,50.81365585327149
2016-10-10,51.6368637084961
2016-10-11,49.94143676757813
2016-10-12,50.39224624633789
2016-10-13,50.000244140625
2016-10-14,49.17702865600586
2016-10-17,49.030029296875
2016-10-18,50.03943634033203
2016-10-19,50.08844375610352
2016-10-20,50.27465057373047
2016-10-21,49.92184066772461
2016-10-24,50.010047912597656
2016-10-25,48.9908332824707
2016-10-26,47.79521560668945
2016-10-27,47.79521560668945
2016-10-28,47.58940887451172
2016-10-31,46.8445930480957
2016-11-01,46.3978157043457
2016-11-02,49.20622634887695
2016-11-03,48.06714630126953
2016-11-04,49.03929138183594
2016-11-07,49.07857131958008
2016-11-08,49.42226028442383
2016-11-09,50.08017349243164
2016-11-10,50.16854858398438
2016-11-11,49.69721221923828
2016-11-14,48.07697296142578
2016-11-15,48.26354217529297
2016-11-16,47.95913696289063
2016-11-17,48.32245635986328
2016-11-18,48.99020004272461
2016-11-21,49.09821319580078
2016-11-22,48.73487854003906
2016-11-23,49.27496719360352
2016-11-25,49.27496719360352
2016-11-28,49.245506286621094
2016-11-29,49.54009628295898
2016-11-30,49.47136306762695
2016-12-01,48.27336120605469
2016-12-02,48.21444320678711
2016-12-05,48.92145919799805
2016-12-06,49.31423950195313
2016-12-07,50.33548355102539
2016-12-08,50.7479133605957
2016-12-09,50.95412063598633
2016-12-12,50.00161743164063
2016-12-13,50.12927627563477
2016-12-14,49.92305374145508
2016-12-15,51.37636947631836
2016-12-16,51.51384353637695
2016-12-19,51.445106506347656
2016-12-20,52.14229965209961
2016-12-21,52.16194152832031
2016-12-22,52.29941177368164
2016-12-23,52.810035705566406
2016-12-27,52.7511215209961
2016-12-28,52.47616577148438
2016-12-29,52.65292358398438
2016-12-30,52.56454467773438
2017-01-03,52.62346267700195
2017-01-04,53.13408279418945
2017-01-05,52.95733261108398
2017-01-06,53.12425994873047
2017-01-09,52.97697448730469
2017-01-10,52.95733261108398
2017-01-11,52.34851837158203
2017-01-12,52.42707443237305
2017-01-13,52.77075576782226
2017-01-17,52.26013565063477
2017-01-18,52.44215393066406
2017-01-19,52.638938903808594
2017-01-20,53.10137176513672
2017-01-23,52.88491821289063
2017-01-24,52.91443634033203
2017-01-25,53.13089370727539
2017-01-26,52.97346496582031
2017-01-27,53.77043151855469
2017-01-30,53.39654541015625
2017-01-31,54.05575942993164
2017-02-01,54.429649353027344
2017-02-02,54.80353164672852
2017-02-03,55.01998519897461
2017-02-06,54.87239837646485
2017-02-07,55.07902145385742
2017-02-08,55.05934143066406
2017-02-09,55.05934143066406
2017-02-10,54.83305358886719
2017-02-13,54.2525405883789
2017-02-14,54.13447189331055
2017-02-15,54.26238632202149
2017-02-16,51.930519104003906
2017-02-17,51.66486740112305
2017-02-21,52.60941696166992
2017-02-22,52.52087783813477
2017-02-23,52.71765518188477
2017-02-24,53.01282501220703
2017-02-27,52.96363067626953
2017-02-28,52.452003479003906
2017-03-01,53.02266311645508
2017-03-02,52.51103210449219
2017-03-03,52.56023025512695
2017-03-06,52.22569274902344
2017-03-07,52.215858459472656
2017-03-08,52.14697647094727
2017-03-09,52.82587814331055
2017-03-10,52.48151397705078
2017-03-13,52.69797134399414
2017-03-14,52.56023025512695
2017-03-15,53.40639114379883
2017-03-16,53.5539665222168
2017-03-17,53.13089370727539
2017-03-20,53.40639114379883
2017-03-21,52.53070831298828
2017-03-22,53.00298309326172
2017-03-23,52.93410873413086
2017-03-24,52.98331069946289
2017-03-27,53.10137176513672
2017-03-28,53.28831481933594
2017-03-29,52.95378875732422
2017-03-30,52.60941696166992
2017-03-31,52.51103210449219
2017-04-03,52.31425476074219
2017-04-04,51.90512466430664
2017-04-05,51.92483139038086
2017-04-06,51.92483139038086
2017-04-07,51.79668045043945
2017-04-10,51.99385070800781
2017-04-11,52.102294921875
2017-04-12,52.46706008911133
2017-04-13,52.34875869750977
2017-04-17,52.74309539794922
2017-04-18,52.79238891601562
2017-04-19,53.0881462097168
2017-04-20,53.52192306518555
2017-04-21,53.42333221435547
2017-04-24,54.21201705932617
2017-04-25,54.34017944335938
2017-04-26,54.7838134765625
2017-04-27,55.661216735839844
2017-04-28,55.3161735534668
2017-05-01,55.48376083374024
2017-05-02,55.67107391357422
2017-05-03,54.80352783203125
2017-05-04,58.03712463378906
2017-05-05,58.628639221191406
2017-05-08,57.97797775268555
2017-05-09,58.58920288085938
2017-05-10,59.05255126953125
2017-05-11,58.87510299682617
2017-05-12,59.03284072875977
2017-05-15,59.15113067626953
2017-05-16,59.47646713256836
2017-05-17,58.88495254516602
2017-05-18,59.06241226196289
2017-05-19,59.45675277709961
2017-05-22,59.45675277709961
2017-05-23,60.5609016418457
2017-05-24,61.41859817504883
2017-05-25,61.69462966918945
2017-05-26,61.72421646118164
2017-05-30,61.3791618347168
2017-05-31,61.39888381958008
2017-06-01,61.75378799438477
2017-06-02,61.61577606201172
2017-06-05,61.78336715698242
2017-06-06,62.0889778137207
2017-06-07,62.365013122558594
2017-06-08,61.69462966918945
2017-06-09,61.704490661621094
2017-06-12,60.97496032714844
2017-06-13,61.187278747558594
2017-06-14,61.45391464233398
2017-06-15,61.6119155883789
2017-06-16,61.76992797851562
2017-06-19,62.243934631347656
2017-06-20,62.21431350708008
2017-06-21,62.21431350708008
2017-06-22,62.71794891357422
2017-06-23,61.9970588684082
2017-06-26,61.93780899047852
2017-06-27,61.97729873657226
2017-06-28,62.16493606567383
2017-06-29,61.72055053710938
2017-06-30,61.60204315185547
2017-07-03,61.88843154907226
2017-07-05,61.76992797851562
2017-07-06,61.01940536499024
2017-07-07,61.80942153930664
2017-07-10,61.69092178344727
2017-07-11,61.434165954589844
2017-07-12,61.77980422973633
2017-07-13,62.2636947631836
2017-07-14,62.55994033813477
2017-07-17,62.2834358215332
2017-07-18,61.6810417175293
2017-07-19,61.64154052734375
2017-07-20,61.9674301147461
2017-07-21,62.37232208251953
2017-07-24,62.50070190429688
2017-07-25,60.51576232910156
2017-07-26,61.286033630371094
2017-07-27,61.23666000366211
2017-07-28,61.434165954589844
2017-07-31,61.74029922485352
2017-08-01,61.49341583251953
2017-08-02,60.77251815795898
2017-08-03,61.5032958984375
2017-08-04,61.34528350830078
2017-08-07,61.05890655517578
2017-08-08,59.25172424316406
2017-08-09,60.0516242980957
2017-08-10,58.99496841430664
2017-08-11,58.98509216308594
2017-08-14,59.98249816894531
2017-08-15,60.26887893676758
2017-08-16,60.73301315307617
2017-08-17,60.14050674438477
2017-08-18,59.99237442016602
2017-08-21,60.58489227294922
2017-08-22,60.83177185058594
2017-08-23,60.59477233886719
2017-08-24,60.62438583374024
2017-08-25,60.56514358520508
2017-08-28,60.77251815795898
2017-08-29,60.73301315307617
2017-08-30,61.16753005981445
2017-08-31,61.918052673339844
2017-09-01,62.08592987060547
2017-09-05,62.3821907043457
2017-09-06,62.59944534301758
2017-09-07,64.04122924804689
2017-09-08,63.89310836791992
2017-09-11,64.46587371826172
2017-09-12,64.58438110351561
2017-09-13,64.46587371826172
2017-09-14,64.43625640869139
2017-09-15,64.38687133789061
2017-09-18,64.38687133789061
2017-09-19,63.97212219238281
2017-09-20,63.67585754394531
2017-09-21,63.43885040283203
2017-09-22,63.35984802246094
2017-09-25,62.87596130371094
2017-09-26,62.540199279785156
2017-09-27,62.42169189453125
2017-09-28,62.53032302856445
2017-09-29,62.96483612060547
2017-10-02,62.95496368408203
2017-10-03,62.79695510864258
2017-10-04,62.77720642089844
2017-10-05,62.95496368408203
2017-10-06,62.95496368408203
2017-10-09,62.93520736694336
2017-10-10,63.19196701049805
2017-10-11,63.47834777832031
2017-10-12,64.10050201416016
2017-10-13,64.62388610839844
2017-10-16,64.89051818847656
2017-10-17,64.98926544189453
2017-10-18,64.74237823486328
2017-10-19,64.76214599609375
2017-10-20,65.11764526367189
2017-10-23,64.46587371826172
2017-10-24,64.16962432861328
2017-10-25,63.57710266113281
2017-10-26,62.945091247558594
2017-10-27,63.25122451782226
2017-10-30,62.45132064819336
2017-10-31,63.024085998535156
2017-11-01,63.705482482910156
2017-11-02,66.47056579589844
2017-11-03,67.83336639404297
2017-11-06,68.84062957763672
2017-11-07,67.59632873535156
2017-11-08,68.74858856201172
2017-11-09,68.54088592529297
2017-11-10,68.37274932861328
2017-11-13,68.12547302246094
2017-11-14,69.13430786132811
2017-11-15,68.85738372802734
2017-11-16,69.63873291015625
2017-11-17,70.01456451416016
2017-11-20,70.17280578613281
2017-11-21,70.57832336425781
2017-11-22,70.29149627685547
2017-11-24,70.50908660888672
2017-11-27,70.75634002685547
2017-11-28,70.60798645019531
2017-11-29,70.82557678222656
2017-11-30,71.49813079833984
2017-12-01,71.50802612304688
2017-12-04,70.24204254150389
2017-12-05,70.07389831542969
2017-12-06,70.19258880615234
2017-12-07,70.8552474975586
2017-12-08,71.09261322021484
2017-12-11,70.98382568359375
2017-12-12,71.43878936767578
2017-12-13,71.58714294433594
2017-12-14,70.97393798828125
2017-12-15,71.17173767089844
2017-12-18,71.83440399169922
2017-12-19,72.00254821777344
2017-12-20,71.91352844238281
2017-12-21,71.48822784423828
2017-12-22,71.20142364501953
2017-12-26,71.5475845336914
2017-12-27,71.65637969970703
2017-12-28,71.5970458984375
2017-12-29,71.25086975097656
2018-01-02,70.98382568359375
2018-01-03,71.31021118164062
2018-01-04,71.73551177978516
2018-01-05,72.55641174316406
2018-01-08,73.42677307128906
2018-01-09,74.28723907470703
2018-01-10,73.10039520263672
2018-01-11,73.77293395996094
2018-01-12,74.56417083740234
2018-01-16,74.7125244140625
2018-01-17,75.9290542602539
2018-01-18,75.61798095703125
2018-01-19,75.90528869628906
2018-01-22,76.75727081298828
2018-01-23,76.8662338256836
2018-01-24,77.59933471679688
2018-01-25,78.5107421875
2018-01-26,79.34290313720703
2018-01-29,78.44140625
2018-01-30,77.619140625
2018-01-31,76.0142593383789
2018-02-01,77.09408569335938
2018-02-02,76.06378936767578
2018-02-05,73.14131164550781
2018-02-06,72.5865249633789
2018-02-07,73.17102813720703
2018-02-08,70.84295654296875
2018-02-09,71.67510986328125
2018-02-12,72.50727844238281
2018-02-13,72.55680847167969
2018-02-14,73.76542663574219
2018-02-15,77.76773834228516
2018-02-16,78.98626708984375
2018-02-20,79.60047912597656
2018-02-21,79.74909210205078
2018-02-22,80.00666046142578
2018-02-23,82.01773071289062
2018-02-26,82.52297973632812
2018-02-27,80.90817260742188
2018-02-28,80.1057357788086
2018-03-01,79.68964385986328
2018-03-02,80.52181243896484
2018-03-05,81.12612915039062
2018-03-06,80.74967956542969
2018-03-07,80.99734497070312
2018-03-08,81.77005767822266
2018-03-09,83.73158264160156
2018-03-12,83.62262725830078
2018-03-13,83.80093383789062
2018-03-14,83.56317901611328
2018-03-15,83.90000915527344
2018-03-16,83.81083679199219
2018-03-19,82.3743667602539
2018-03-20,83.87029266357422
2018-03-21,83.31551361083984
2018-03-22,81.2945327758789
2018-03-23,79.84815216064453
2018-03-26,82.94895935058594
2018-03-27,81.09640502929688
2018-03-28,80.24441528320312
2018-03-29,82.73101043701172
2018-04-02,80.45246124267578
2018-04-03,82.09698486328125
2018-04-04,82.0771713256836
2018-04-05,82.74091339111328
2018-04-06,80.21470642089844
2018-04-09,81.10631561279297
2018-04-10,82.31492614746094
2018-04-11,82.29512786865234
2018-04-12,83.17681884765625
2018-04-13,82.79045104980469
2018-04-16,83.61271667480469
2018-04-17,84.870849609375
2018-04-18,85.16807556152344
2018-04-19,84.73748016357422
2018-04-20,84.77716064453125
2018-04-23,84.62834930419922
2018-04-24,83.68582916259766
2018-04-25,83.90409088134766
2018-04-26,84.06283569335938
2018-04-27,84.17195892333984
2018-04-30,82.82268524169922
2018-05-01,82.74330139160156
2018-05-02,79.2708740234375
2018-05-03,79.74710083007812
2018-05-04,80.91779327392578
2018-05-07,81.5031509399414
2018-05-08,81.35433197021484
2018-05-09,81.6817398071289
2018-05-10,82.8028335571289
2018-05-11,83.78504180908203
2018-05-14,83.39810943603516
2018-05-15,82.36630249023438
2018-05-16,82.19763946533203
2018-05-17,82.2968521118164
2018-05-18,83.73543548583984
2018-05-21,84.70771789550781
2018-05-22,83.71558380126953
2018-05-23,84.21165466308594
2018-05-24,84.08268737792969
2018-05-25,83.01118469238281
2018-05-29,82.49527740478516
2018-05-30,83.78504180908203
2018-05-31,83.04093933105469
2018-06-01,84.74740600585938
2018-06-04,84.71763610839844
2018-06-05,84.09260559082031
2018-06-06,84.79701232910156
2018-06-07,84.98552703857422
2018-06-08,86.09668731689453
2018-06-11,86.37449645996094
2018-06-12,86.46378326416016
2018-06-13,86.67212677001953
2018-06-14,87.45590209960938
2018-06-15,88.49762725830078
2018-06-18,88.22976684570312
2018-06-19,86.56299591064453
2018-06-20,86.31495666503906
2018-06-21,86.33479309082031
2018-06-22,85.14424133300781
2018-06-25,84.03307342529297
2018-06-26,83.34850311279297
2018-06-27,82.70362854003906
2018-06-28,84.16204833984375
2018-06-29,84.51921844482422
2018-07-02,84.97559356689453
2018-07-03,85.39228820800781
2018-07-05,85.47164916992188
2018-07-06,86.17607116699219
2018-07-09,86.80110168457031
2018-07-10,85.54110717773438
2018-07-11,83.83464050292969
2018-07-12,84.79701232910156
2018-07-13,85.46173095703125
2018-07-16,83.91401672363281
2018-07-17,85.09464263916016
2018-07-18,85.27322387695312
2018-07-19,84.87181854248047
2018-07-20,84.74266052246094
2018-07-23,83.42119598388672
2018-07-24,82.96414184570312
2018-07-25,85.09041595458984
2018-07-26,84.99105834960938
2018-07-27,84.65322875976562
2018-07-30,83.94778442382812
2018-07-31,85.9250259399414
2018-08-01,85.46797180175781
2018-08-02,90.84325408935548
2018-08-03,91.0419692993164
2018-08-06,91.98587036132812
2018-08-07,91.89644622802734
2018-08-08,92.63170623779295
2018-08-09,91.80702209472656
2018-08-10,91.11151123046876
2018-08-13,90.67434692382812
2018-08-14,90.7836456298828
2018-08-15,90.2669677734375
2018-08-16,90.95255279541016
2018-08-17,90.88300323486328
2018-08-20,91.56856536865234
2018-08-21,91.49901580810548
2018-08-22,89.09454345703125
2018-08-23,89.09454345703125
2018-08-24,89.0250015258789
2018-08-27,88.80641174316406
2018-08-28,88.97532653808594
2018-08-29,89.25352478027344
2018-08-30,89.23365020751953
2018-08-31,90.01856994628906
2018-09-04,89.39262390136719
2018-09-05,88.48845672607422
2018-09-06,89.16410064697266
2018-09-07,88.85609436035156
2018-09-10,88.2996826171875
2018-09-11,87.67372131347656
2018-09-12,88.2201919555664
2018-09-13,89.12435913085938
2018-09-14,88.43878936767578
2018-09-17,87.73334503173828
2018-09-18,88.60769653320312
2018-09-19,88.50833129882812
2018-09-20,89.48204040527344
2018-09-21,89.25352478027344
2018-09-24,89.07467651367188
2018-09-25,89.6807632446289
2018-09-26,89.78012084960938
2018-09-27,90.61473083496094
2018-09-28,90.972412109375
2018-10-01,91.07178497314452
2018-10-02,91.24068450927734
2018-10-03,92.92977905273438
2018-10-04,90.48556518554688
2018-10-05,91.35991668701172
2018-10-08,90.88300323486328
2018-10-09,91.9560775756836
2018-10-10,89.05480194091797
2018-10-11,86.44168090820312
2018-10-12,88.3294906616211
2018-10-15,89.50192260742188
2018-10-16,91.22081756591795
2018-10-17,92.19452667236328
2018-10-18,91.24068450927734
2018-10-19,90.88300323486328
2018-10-22,92.2044677734375
2018-10-23,90.88300323486328
2018-10-24,88.20032501220703
2018-10-25,89.88941192626953
2018-10-26,88.27981567382812
2018-10-29,89.07467651367188
2018-10-30,89.60127258300781
2018-10-31,89.57146453857422
2018-11-01,93.6451644897461
2018-11-02,92.17464447021484
2018-11-05,92.1249771118164
2018-11-06,92.16471862792969
2018-11-07,94.57913208007812
2018-11-08,94.29098510742188
2018-11-09,94.65860748291016
2018-11-12,93.82400512695312
2018-11-13,93.56566619873048
2018-11-14,91.8865203857422
2018-11-15,91.03204345703124
2018-11-16,91.6778564453125
2018-11-19,89.64420318603516
2018-11-20,87.96275329589844
2018-11-21,88.23138427734375
2018-11-23,88.7885513305664
2018-11-26,89.06713104248047
2018-11-27,89.74369812011719
2018-11-28,92.33055114746094
2018-11-29,92.30068969726562
2018-11-30,93.39513397216795
2018-12-03,93.09664916992188
2018-12-04,90.11182403564452
2018-12-06,89.95264434814453
2018-12-07,87.64436340332031
2018-12-10,88.47016906738281
2018-12-11,89.3457260131836
2018-12-12,90.2710189819336
2018-12-13,90.4799575805664
2018-12-14,88.00254821777344
2018-12-17,84.51031494140625
2018-12-18,84.56005096435547
2018-12-19,83.01789093017578
2018-12-20,82.0030517578125
2018-12-21,81.26679992675781
2018-12-24,78.87893676757812
2018-12-26,82.50051879882812
2018-12-27,83.90338897705078
2018-12-28,84.06257629394531
2018-12-31,85.10726928710938
2019-01-02,84.05262756347656
2019-01-03,81.14739990234375
2019-01-04,84.33121490478516
2019-01-07,84.838623046875
2019-01-08,86.10221099853516
2019-01-09,85.79377746582031
2019-01-10,85.4654541015625
2019-01-11,85.62464141845703
2019-01-14,84.07252502441406
2019-01-15,84.3809585571289
2019-01-16,82.78905487060547
2019-01-17,83.98932647705078
2019-01-18,84.3282699584961
2019-01-22,83.82981872558594
2019-01-23,83.43106842041016
2019-01-24,83.40116119384766
2019-01-25,84.42797088623047
2019-01-28,83.39118194580078
2019-01-29,84.14883422851562
2019-01-30,84.82672882080078
2019-01-31,85.89342498779297
2019-02-01,86.87039184570312
2019-02-04,86.70092010498047
2019-02-05,87.09967803955078
2019-02-06,87.30902862548828
2019-02-07,85.9432601928711
2019-02-08,86.56134796142578
2019-02-11,86.0030746459961
2019-02-12,87.23925018310547
2019-02-13,87.9769515991211
2019-02-14,92.97145080566406
2019-02-15,95.0749282836914
2019-02-19,94.6163558959961
2019-02-20,94.09795379638672
2019-02-21,93.1808090209961
2019-02-22,94.31727600097656
2019-02-25,94.09795379638672
2019-02-26,93.20073699951172
2019-02-27,93.50978088378906
2019-02-28,93.9384536743164
2019-03-01,95.45374298095705
2019-03-04,95.57337951660156
2019-03-05,95.48365783691406
2019-03-06,93.87863159179688
2019-03-07,92.2636489868164
2019-03-08,92.12408447265624
2019-03-11,94.4369125366211
2019-03-12,95.45374298095705
2019-03-13,96.63009643554688
2019-03-14,95.90235137939452
2019-03-15,96.61016082763672
2019-03-18,97.46749877929688
2019-03-19,98.41456604003906
2019-03-20,98.19523620605469
2019-03-21,99.33171081542969
2019-03-22,97.62700653076172
2019-03-25,97.62700653076172
2019-03-26,98.51425170898438
2019-03-27,98.21517181396484
2019-03-28,99.08248138427734
2019-03-29,100.3585205078125
2019-04-01,101.225830078125
2019-04-02,101.72428894042969
2019-04-03,101.80404663085938
2019-04-04,101.66447448730469
2019-04-05,101.80404663085938
2019-04-08,101.91370391845705
2019-04-09,101.14608001708984
2019-04-10,101.01648712158205
2019-04-11,100.747314453125
2019-04-12,101.35543060302734
2019-04-15,100.94670104980469
2019-04-16,98.86316680908205
2019-04-17,97.83865356445312
2019-04-18,98.88713073730469
2019-04-22,99.9755630493164
2019-04-23,101.82289123535156
2019-04-24,100.9541473388672
2019-04-25,101.68309783935548
2019-04-26,103.20089721679688
2019-04-29,101.1139144897461
2019-04-30,101.69307708740234
2019-05-01,101.64315032958984
2019-05-02,103.00119018554688
2019-05-03,103.60032653808594
2019-05-06,103.1809310913086
2019-05-07,101.22376251220705
2019-05-08,101.71305084228516
2019-05-09,101.52332305908205
2019-05-10,102.1424331665039
2019-05-13,101.20378112792969
2019-05-14,101.10392761230469
2019-05-15,101.69307708740234
2019-05-16,102.78150939941406
2019-05-17,101.82289123535156
2019-05-20,102.0725326538086
2019-05-21,102.2322998046875
2019-05-22,102.79149627685548
2019-05-23,102.74156188964844
2019-05-24,102.25227355957031
2019-05-28,101.87281799316406
2019-05-29,101.00407409667969
2019-05-30,102.182373046875
2019-05-31,100.90422058105469
2019-06-03,103.80003356933594
2019-06-04,107.96401977539062
2019-06-05,108.34346771240234
2019-06-06,108.73291015625
2019-06-07,109.90121459960938
2019-06-10,110.0609893798828
2019-06-11,110.0010757446289
2019-06-12,111.27922821044922
2019-06-13,109.87126159667969
2019-06-14,110.63016510009766
2019-06-17,110.65013885498048
2019-06-18,113.2164306640625
2019-06-19,114.11512756347656
2019-06-20,112.80702209472656
2019-06-21,112.71714782714844
2019-06-24,113.30630493164062
2019-06-25,113.69573974609376
2019-06-26,112.88690948486328
2019-06-27,112.59732818603516
2019-06-28,113.3262710571289
2019-07-01,113.40615844726562
2019-07-02,114.4246826171875
2019-07-03,115.17359924316406
2019-07-05,114.01527404785156
2019-07-08,113.93538665771484
2019-07-09,113.09660339355469
2019-07-10,114.40471649169922
2019-07-11,114.18502807617188
2019-07-12,113.1465301513672
2019-07-15,113.40615844726562
2019-07-16,113.31629180908205
2019-07-17,113.51599884033205
2019-07-18,114.94000244140624
2019-07-19,114.08999633789062
2019-07-22,115.94000244140624
2019-07-23,115.94000244140624
2019-07-24,115.44000244140624
2019-07-25,114.6500015258789
2019-07-26,115.11000061035156
